case_name,status,root_line_point_count,selected_radius,selected_delta,source_coordinate_equivalent_radius,candidate_count,feasible_candidate_count,feasible_ratio,points_with_feasible_candidate,points_without_feasible_candidate,radius_selection_reason,output_directory,feasible_centers_obj,interactive_demo_html
1041432,preliminary_geometry_run,454,0.01,0.0005,0.01,245160,119369,0.48690243106542663,436,18,largest radius meeting point coverage and feasible-candidate thresholds,results\cases\1041432\run_20260929_114100,results\cases\1041432\run_20260929_114100\feasible_centers.obj,results\cases\1041432\run_20260929_114100\interactive_demo.html
226633,preliminary_geometry_run,792,0.02,0.001,0.02,427680,155870,0.3644547325102881,792,0,largest radius meeting point coverage and feasible-candidate thresholds,results\cases\226633\run_20260929_114139,results\cases\226633\run_20260929_114139\feasible_centers.obj,results\cases\226633\run_20260929_114139\interactive_demo.html
252632,preliminary_geometry_run,145,0.01,0.0005,0.01,78300,6636,0.08475095785440613,128,17,no radius met thresholds; selected best coverage with smaller-radius tie break,results\cases\252632\run_20260929_114158,results\cases\252632\run_20260929_114158\feasible_centers.obj,results\cases\252632\run_20260929_114158\interactive_demo.html
439142,preliminary_geometry_run,315,0.01,0.0005,0.01,170100,39405,0.231657848324515,305,10,no radius met thresholds; selected best coverage with smaller-radius tie break,results\cases\439142\run_20260929_114216,results\cases\439142\run_20260929_114216\feasible_centers.obj,results\cases\439142\run_20260929_114216\interactive_demo.html
5head,preliminary_geometry_run,126,0.01,0.0005,0.00919727,68040,5072,0.07454438565549677,123,3,no radius met thresholds; selected best coverage with smaller-radius tie break,results\cases\5head\run_20260929_114231,results\cases\5head\run_20260929_114231\feasible_centers.obj,results\cases\5head\run_20260929_114231\interactive_demo.html
5pipe,preliminary_geometry_run,123,0.01,0.0005,0.01155897,66420,3003,0.0452122854561879,116,7,no radius met thresholds; selected best coverage with smaller-radius tie break,results\cases\5pipe\run_20260929_114245,results\cases\5pipe\run_20260929_114245\feasible_centers.obj,results\cases\5pipe\run_20260929_114245\interactive_demo.html
719790,preliminary_geometry_run,554,0.1,0.005000000000000001,0.1,299160,67861,0.22683848108035834,553,1,largest radius meeting point coverage and feasible-candidate thresholds,results\cases\719790\run_20260929_114321,results\cases\719790\run_20260929_114321\feasible_centers.obj,results\cases\719790\run_20260929_114321\interactive_demo.html
804299,preliminary_geometry_run,332,0.01,0.0005,0.01,179280,17220,0.09605087014725569,305,27,no radius met thresholds; selected best coverage with smaller-radius tie break,results\cases\804299\run_20260929_114340,results\cases\804299\run_20260929_114340\feasible_centers.obj,results\cases\804299\run_20260929_114340\interactive_demo.html
804301,preliminary_geometry_run,212,0.01,0.0005,0.01,114480,21776,0.19021663172606568,211,1,no radius met thresholds; selected best coverage with smaller-radius tie break,results\cases\804301\run_20260929_114353,results\cases\804301\run_20260929_114353\feasible_centers.obj,results\cases\804301\run_20260929_114353\interactive_demo.html
circle,preliminary_geometry_run,415,0.01,0.0005,0.01137405,224100,12736,0.05683177153056671,412,3,no radius met thresholds; selected best coverage with smaller-radius tie break,results\cases\circle\run_20260929_114409,results\cases\circle\run_20260929_114409\feasible_centers.obj,results\cases\circle\run_20260929_114409\interactive_demo.html
gear,preliminary_geometry_run,102,0.01,0.0005,0.01169326222061768,55080,4902,0.08899782135076252,99,3,no radius met thresholds; selected best coverage with smaller-radius tie break,results\cases\gear\run_20260929_114420,results\cases\gear\run_20260929_114420\feasible_centers.obj,results\cases\gear\run_20260929_114420\interactive_demo.html
leaf,preliminary_geometry_run,965,0.06,0.003,3.4947779999999997,521100,107690,0.20665899059681442,922,43,largest radius meeting point coverage and feasible-candidate thresholds,results\cases\leaf\run_20260929_114430,results\cases\leaf\run_20260929_114430\feasible_centers.obj,results\cases\leaf\run_20260929_114430\interactive_demo.html
